region,x,y
ER,85.64323276,23.17041552
NER,93.46127697,26.34529533
NR,76.65586985,29.5520399
SR,78,15
WR,76.50626182,21.54621234
