i,Fan_et_al_2022/Low,Fan_et_al_2022/High,Fan_et_al_2022/Med,Cooper_et_al_2022/Low,Cooper_et_al_2022/High,Cooper_et_al_2022/Med,Frazer_Nash_2022/Low,Frazer_Nash_2022/High,Frazer_Nash_2022/Med,Arrigoni_Diaz_2022/Low,Arrigoni_Diaz_2022/High,Arrigoni_Diaz_2022/Med,Van_Ruijven_et_al_ 2011/Low,Van_Ruijven_et_al_ 2011/High,Van_Ruijven_et_al_ 2011/Med
smr,0.01500,0.03000,0.02250,0.00210,0.00870,0.00540,0.02810,0.07010,0.04910,0.01200,0.01000,0.01100,0.00100,0.05000,0.02550
smr_ccs,0.02000,0.03500,0.02750,0.00310,0.01870,0.01090,0.03060,0.07510,0.05285,0.01200,0.01000,0.01100,0.00100,0.05000,0.02550
electrolyzer,0.03000,0.06000,0.04500,0.00310,0.04870,0.02590,0.06010,0.16210,0.11110,0.01230,0.01200,0.01215,0.00100,0.05000,0.02550
h2-ct,0.01500,0.03000,0.02250,0,0,0,0.00010,0.00660,0.00335,0,0,0,0,0,
h2-cc,0.01500,0.03000,0.02250,0,0,0,0.00010,0.00660,0.00335,0,0,0,0,0,