AZ,0
CA,0.084947882
CO,0.211450013
CT,0.253630571
DE,1
IL,1
MA,0.122361886
MD,0.726925671
ME,0
MI,0.015846879
MN,0.031349536
MO,0.878266424
MT,0.008211766
NC,0.062301642
NH,0.215543684
NJ,0
NM,0
NV,0.028303195
NY,1
OH,1
OR,0.18594
PA,0.329276063
RI,1
TX,0
VT,1
WA,0.0173
WI,0.004591803
